<?xml version="1.0" encoding="UTF-8"?>
<beans xmlns="http://www.springframework.org/schema/beans"
       xmlns:context="http://www.springframework.org/schema/context"
       xmlns:mvc="http://www.springframework.org/schema/mvc"
       xmlns:xsi="http://www.w3.org/2001/XMLSchema-instance"
       xsi:schemaLocation="http://www.springframework.org/schema/beans
 	http://www.springframework.org/schema/beans/spring-beans-4.0.xsd
 	http://www.springframework.org/schema/mvc
 	http://www.springframework.org/schema/mvc/spring-mvc-4.0.xsd
 	http://www.springframework.org/schema/context
 	http://www.springframework.org/schema/context/spring-context-4.0.xsd">

    <context:component-scan base-package="com.practice1" />

    <mvc:annotation-driven />

     <bean id="ds" class="org.springframework.jdbc.datasource.DriverManagerDataSource">
     <property name="driverClassName" value="com.mysql.jdbc.Driver"></property>
     <property name="url" value="jdbc:mysql://localhost:3306/sp_practice2"></property>
<!-- <property name="url" value="jdbc:mysql://192.168.0.102:3306/db_machin"></property> -->
     <property name="username" value="root"></property>
     <property name="password" value=" "></property>
    </bean>


	<bean id="jdbcTemplate" class="org.springframework.jdbc.core.JdbcTemplate">
	     <property name="dataSource" ref="ds"></property>
	</bean>


	<bean id="dao" class="com.practice1.MainDao">
	 <property name="jdbcTemplate" ref="jdbcTemplate"></property>
	</bean>
	
	
	
    <bean class="org.springframework.web.servlet.view.InternalResourceViewResolver">
        <property name="prefix">
            <value>/WEB-INF/view/</value>
        </property>
        <property name="suffix">
            <value>.jsp</value>
        </property>
    </bean>

</beans>